{"stats":{"minecraft:mined":{"minecraft:spruce_planks":19,"minecraft:white_bed":3,"minecraft:dark_oak_leaves":2,"minecraft:oak_door":1,"minecraft:cobblestone_stairs":16,"minecraft:dark_oak_log":2,"minecraft:red_nether_bricks":14,"gravestone:gravestone":4,"minecraft:ladder":7,"minecraft:grass_block":1,"minecraft:jungle_planks":2,"minecraft:mangrove_fence":1,"minecraft:white_concrete":2,"minecraft:oak_pressure_plate":3,"minecraft:spawner":1,"minecraft:hay_block":33,"minecraft:black_stained_glass_pane":2,"minecraft:furnace":4,"minecraft:cobbled_deepslate":1,"minecraft:iron_ore":4,"minecraft:fire":52,"minecraft:bookshelf":10,"minecraft:lantern":1,"minecraft:smooth_quartz_stairs":5,"minecraft:spruce_wood":1,"minecraft:stripped_mangrove_wood":7,"minecraft:stone":233,"minecraft:player_head":1,"minecraft:oak_slab":6,"minecraft:red_bed":2,"minecraft:orange_terracotta":17,"minecraft:soul_lantern":2,"minecraft:oak_fence":1,"minecraft:crafting_table":5,"minecraft:torch":1,"minecraft:note_block":4,"minecraft:calcite":1,"minecraft:chest":4,"minecraft:mushroom_stem":19,"minecraft:copper_ore":9,"minecraft:tall_grass":1,"minecraft:cobblestone":60,"minecraft:cyan_bed":3,"minecraft:potted_oak_sapling":1,"minecraft:oak_planks":124,"minecraft:spruce_stairs":5,"minecraft:birch_planks":30,"minecraft:cobblestone_wall":13,"minecraft:birch_log":14,"minecraft:black_wall_banner":1,"minecraft:spruce_log":2,"minecraft:grass":9,"minecraft:oak_log":76,"minecraft:coal_ore":49,"minecraft:gravel":2,"minecraft:cyan_carpet":1,"minecraft:dirt":11,"minecraft:netherrack":1,"minecraft:oak_leaves":44},"minecraft:used":{"minecraft:oak_fence":2,"minecraft:stone_sword":187,"minecraft:ladder":22,"minecraft:chest":6,"minecraft:spruce_planks":12,"minecraft:cooked_chicken":1,"minecraft:rotten_flesh":35,"minecraft:netherrack":1,"minecraft:oak_door":4,"minecraft:torch":38,"minecraft:dirt":31,"minecraft:cobblestone_wall":17,"minecraft:oak_fence_gate":2,"moonsweaponry:iron_scythe":250,"moonsweaponry:wooden_spear":58,"minecraft:lava_bucket":8,"minecraft:spruce_wood":1,"minecraft:oak_stairs":4,"moonsweaponry:iron_greatsword":203,"minecraft:furnace":4,"minecraft:cooked_beef":8,"minecraft:beetroot_soup":1,"minecraft:calcite":1,"minecraft:cooked_mutton":5,"minecraft:water_bucket":38,"minecraft:cobblestone_stairs":31,"minecraft:oak_planks":464,"minecraft:stone_pickaxe":406,"minecraft:red_nether_bricks":16,"minecraft:mangrove_planks":2,"minecraft:wooden_pickaxe":76,"minecraft:leather_chestplate":2,"minecraft:birch_sign":2,"minecraft:oak_slab":13,"minecraft:crafting_table":6,"minecraft:red_bed":1,"minecraft:mushroom_stew":2,"minecraft:white_bed":2,"minecraft:campfire":3,"minecraft:note_block":2,"minecraft:cake":2,"moonsweaponry:wooden_warglaive":5,"minecraft:oak_log":8,"minecraft:dark_oak_log":2,"minecraft:chicken":1,"minecraft:bread":88,"minecraft:cyan_bed":2,"shieldsplus:stone_shield":12,"minecraft:oak_pressure_plate":4,"minecraft:soul_lantern":2,"minecraft:stone_axe":878,"moonsweaponry:wooden_scythe":3,"minecraft:cobblestone":136,"minecraft:cooked_porkchop":3,"minecraft:bucket":46,"minecraft:birch_log":3,"minecraft:pumpkin_pie":7,"minecraft:oak_boat":1,"minecraft:white_concrete":2},"minecraft:picked_up":{"minecraft:charcoal":128,"minecraft:crafting_table":5,"minecraft:birch_door":1,"minecraft:chicken":1,"minecraft:ladder":9,"minecraft:flower_pot":1,"minecraft:leather_leggings":1,"minecraft:wooden_pickaxe":2,"minecraft:potion":1,"minecraft:red_bed":1,"minecraft:string":5,"minecraft:raw_copper":33,"minecraft:iron_shovel":1,"minecraft:red_nether_bricks":16,"minecraft:iron_leggings":2,"minecraft:beetroot_soup":2,"minecraft:pufferfish":1,"minecraft:cyan_carpet":7,"minecraft:cobbled_deepslate":1,"moonsweaponry:iron_greatsword":2,"minecraft:oak_boat":1,"minecraft:player_head":1,"minecraft:calcite":1,"minecraft:light_gray_wool":3,"minecraft:chest":4,"minecraft:birch_sapling":13,"minecraft:smooth_quartz_stairs":9,"minecraft:furnace":7,"minecraft:egg":2,"minecraft:stick":35,"minecraft:raw_iron":10,"minecraft:stripped_mangrove_wood":3,"minecraft:oak_door":2,"minecraft:copper_ingot":1,"minecraft:oak_fence":3,"minecraft:torch":71,"moonsweaponry:wooden_spear":1,"minecraft:spruce_stairs":3,"sophisticatedbackpacks:backpack":1,"minecraft:note_block":4,"minecraft:cake":1,"minecraft:diorite":1,"minecraft:mangrove_sign":1,"minecraft:stone_sword":3,"minecraft:arrow":23,"minecraft:rotten_flesh":273,"minecraft:pumpkin_pie":3,"minecraft:hay_block":32,"sophisticatedbackpacks:copper_backpack":1,"minecraft:cobblestone":422,"minecraft:white_wool":8,"minecraft:birch_log":17,"minecraft:leather_chestplate":1,"minecraft:feather":6,"minecraft:cooked_beef":8,"minecraft:water_bucket":1,"minecraft:leather":22,"minecraft:potato":1,"minecraft:birch_planks":74,"minecraft:flint":1,"minecraft:oak_log":82,"minecraft:cobblestone_wall":13,"minecraft:cobblestone_stairs":17,"minecraft:lantern":1,"minecraft:dirt":60,"minecraft:orange_terracotta":4,"minecraft:leather_boots":1,"minecraft:mangrove_fence":1,"minecraft:bone":13,"minecraft:apple":2,"minecraft:gray_carpet":1,"minecraft:iron_ingot":2,"minecraft:wheat_seeds":2,"minecraft:spruce_wood":2,"minecraft:stone_pickaxe":1,"minecraft:cooked_chicken":1,"weaponmaster:tutorialbook":2,"minecraft:oak_planks":250,"minecraft:book":30,"minecraft:oak_slab":7,"minecraft:cooked_porkchop":17,"minecraft:oak_pressure_plate":3,"minecraft:gravel":4,"minecraft:white_bed":3,"minecraft:spruce_log":2,"minecraft:cyan_bed":2,"minecraft:dark_oak_log":4,"minecraft:spider_eye":3,"minecraft:soul_lantern":4,"minecraft:stone_axe":1,"minecraft:iron_helmet":1,"moonsweaponry:wooden_greatsword":1,"minecraft:golden_apple":1,"minecraft:white_concrete":2,"minecraft:spruce_sign":7,"minecraft:oak_sapling":111,"minecraft:netherrack":1,"minecraft:black_wool":2,"minecraft:coal":179},"minecraft:killed":{"minecraft:spider":4,"minecraft:skeleton":11,"minecraft:chicken":3,"minecraft:drowned":26,"minecraft:piglin":3,"minecraft:husk":11,"minecraft:rabbit":1,"minecraft:squid":1,"minecraft:sheep":1,"minecraft:zombie":290,"minecraft:enderman":1,"minecraft:cow":1},"minecraft:dropped":{"minecraft:oak_fence":2,"minecraft:lantern":1,"minecraft:leather":1,"minecraft:coal":35,"minecraft:cobblestone_stairs":1,"minecraft:stick":14,"moonsweaponry:iron_greatsword":1,"minecraft:torch":31,"gravestone:obituary":1,"minecraft:cyan_carpet":1,"minecraft:oak_door":1,"minecraft:stone_sword":1,"minecraft:raw_iron":3,"minecraft:tall_grass":1,"minecraft:filled_map":1,"minecraft:cake":1,"minecraft:oak_sapling":54,"moonsweaponry:wooden_spear":1,"moonsweaponry:wooden_greatsword":1,"minecraft:spider_eye":1,"minecraft:wooden_pickaxe":2},"minecraft:crafted":{"minecraft:oak_planks":252,"minecraft:cooked_chicken":0,"minecraft:ladder":12,"minecraft:stone_pickaxe":1,"minecraft:dark_oak_planks":8,"minecraft:wheat":279,"minecraft:cooked_porkchop":3,"minecraft:spruce_planks":12,"minecraft:mangrove_planks":8,"minecraft:stone_axe":8,"minecraft:bread":93,"minecraft:air":0,"minecraft:iron_chestplate":1,"minecraft:stick":76,"minecraft:iron_ingot":6},"minecraft:custom":{"minecraft:mob_kills":359,"minecraft:interact_with_crafting_table":82,"minecraft:open_barrel":12,"minecraft:eat_cake_slice":5,"minecraft:leave_game":15,"minecraft:time_since_death":86568,"minecraft:climb_one_cm":21711,"minecraft:sprint_one_cm":704169,"minecraft:walk_one_cm":1414585,"minecraft:damage_blocked_by_shield":165,"minecraft:drop":52,"minecraft:play_noteblock":4,"minecraft:damage_dealt_absorbed":160,"minecraft:talked_to_villager":1,"minecraft:play_time":416131,"minecraft:deaths":4,"minecraft:sneak_time":37380,"minecraft:walk_under_water_one_cm":28776,"minecraft:jump":5197,"minecraft:walk_on_water_one_cm":40989,"minecraft:total_world_time":416131,"minecraft:interact_with_furnace":63,"minecraft:tune_noteblock":9,"minecraft:sleep_in_bed":7,"minecraft:waystone_activated":3,"minecraft:time_since_rest":86760,"minecraft:damage_taken":7097,"minecraft:damage_dealt":67887,"minecraft:swim_one_cm":268960,"minecraft:fly_one_cm":890125,"minecraft:open_chest":193,"minecraft:crouch_one_cm":103454,"minecraft:fall_one_cm":130049},"minecraft:killed_by":{"minecraft:husk":1,"minecraft:skeleton":1,"minecraft:zombie":1},"minecraft:broken":{"minecraft:stone_sword":2,"minecraft:leather_chestplate":2,"minecraft:wooden_pickaxe":1,"minecraft:stone_pickaxe":3,"moonsweaponry:iron_scythe":1,"minecraft:leather_boots":1,"minecraft:stone_axe":10,"moonsweaponry:wooden_spear":1}},"DataVersion":3465}