{"stats":{"minecraft:mined":{"minecraft:birch_log":5,"minecraft:crafting_table":1,"gravestone:gravestone":1,"minecraft:grass":1,"minecraft:oak_log":58,"minecraft:coal_ore":1,"minecraft:oak_leaves":2},"minecraft:used":{"minecraft:wooden_axe":60,"minecraft:apple":3,"moonsweaponry:iron_greatsword":5,"minecraft:wooden_pickaxe":5,"minecraft:crafting_table":1},"minecraft:picked_up":{"minecraft:birch_log":5,"minecraft:crafting_table":1,"minecraft:chicken":2,"minecraft:oak_log":58,"minecraft:flint_and_steel":1,"minecraft:iron_leggings":3,"minecraft:bone":2,"minecraft:wheat_seeds":1,"moonsweaponry:iron_greatsword":1,"minecraft:oak_sapling":2,"minecraft:coal":1,"minecraft:iron_boots":1},"minecraft:killed":{"minecraft:skeleton":1,"minecraft:chicken":2},"minecraft:dropped":{"minecraft:flint_and_steel":1},"minecraft:custom":{"minecraft:time_since_rest":36749,"minecraft:sprint_one_cm":18028,"minecraft:damage_taken":348,"minecraft:walk_one_cm":113217,"minecraft:mob_kills":3,"minecraft:drop":1,"minecraft:damage_dealt":391,"minecraft:interact_with_crafting_table":2,"minecraft:fly_one_cm":3941,"minecraft:open_chest":4,"minecraft:crouch_one_cm":458,"minecraft:play_time":42245,"minecraft:deaths":1,"minecraft:sneak_time":69,"minecraft:jump":163,"minecraft:leave_game":1,"minecraft:time_since_death":36683,"minecraft:walk_on_water_one_cm":7,"minecraft:climb_one_cm":240,"minecraft:total_world_time":42245,"minecraft:fall_one_cm":2793},"minecraft:broken":{"minecraft:wooden_axe":1}},"DataVersion":3465}