{"stats":{"minecraft:mined":{"gravestone:gravestone":1,"minecraft:birch_log":5,"minecraft:coal_ore":1,"minecraft:grass":1,"minecraft:oak_leaves":2,"minecraft:crafting_table":1,"minecraft:oak_log":58},"minecraft:used":{"minecraft:wooden_axe":60,"minecraft:apple":3,"minecraft:crafting_table":1,"moonsweaponry:iron_greatsword":5,"minecraft:wooden_pickaxe":5},"minecraft:picked_up":{"minecraft:crafting_table":1,"minecraft:flint_and_steel":1,"minecraft:iron_leggings":3,"minecraft:bone":2,"minecraft:wheat_seeds":1,"moonsweaponry:iron_greatsword":1,"minecraft:oak_log":58,"minecraft:coal":1,"minecraft:oak_sapling":2,"minecraft:chicken":2,"minecraft:iron_boots":1,"minecraft:birch_log":5},"minecraft:killed":{"minecraft:skeleton":1,"minecraft:chicken":2},"minecraft:dropped":{"minecraft:flint_and_steel":1},"minecraft:custom":{"minecraft:time_since_rest":26760,"minecraft:open_chest":4,"minecraft:crouch_one_cm":458,"minecraft:play_time":32256,"minecraft:sprint_one_cm":17289,"minecraft:walk_one_cm":112035,"minecraft:damage_taken":348,"minecraft:deaths":1,"minecraft:sneak_time":69,"minecraft:mob_kills":3,"minecraft:drop":1,"minecraft:jump":162,"minecraft:damage_dealt":391,"minecraft:walk_on_water_one_cm":7,"minecraft:time_since_death":26694,"minecraft:total_world_time":32256,"minecraft:climb_one_cm":240,"minecraft:interact_with_crafting_table":2,"minecraft:fall_one_cm":2524,"minecraft:fly_one_cm":3822},"minecraft:broken":{"minecraft:wooden_axe":1}},"DataVersion":3465}