{"stats":{"minecraft:mined":{"minecraft:crafting_table":5,"minecraft:torch":5,"minecraft:granite":12,"minecraft:grass_block":7,"minecraft:cobblestone":12,"minecraft:kelp":2,"minecraft:wall_torch":9,"minecraft:diorite":8,"minecraft:hay_block":25,"minecraft:tall_seagrass":2,"minecraft:oak_trapdoor":2,"minecraft:furnace":4,"minecraft:iron_ore":39,"minecraft:cobbled_deepslate":14,"minecraft:andesite":27,"minecraft:grass":3,"minecraft:bookshelf":66,"minecraft:coal_ore":141,"minecraft:oak_log":40,"minecraft:deepslate_iron_ore":6,"minecraft:gravel":8,"minecraft:dirt":26,"minecraft:stone":279,"minecraft:oak_leaves":8,"minecraft:deepslate":123},"minecraft:used":{"minecraft:cooked_mutton":25,"minecraft:stone_sword":315,"minecraft:stone_pickaxe":645,"minecraft:stone_shovel":25,"minecraft:chest":1,"minecraft:wooden_pickaxe":26,"minecraft:torch":46,"minecraft:dirt":15,"minecraft:crafting_table":7,"minecraft:apple":10,"minecraft:bread":13,"minecraft:stone_axe":121,"minecraft:cobblestone":24,"minecraft:furnace":4,"minecraft:bucket":1,"minecraft:oak_boat":7,"minecraft:cobbled_deepslate":86,"minecraft:oak_trapdoor":3},"minecraft:picked_up":{"minecraft:crafting_table":5,"minecraft:iron_chestplate":1,"minecraft:cooked_beef":40,"minecraft:chicken":1,"minecraft:salmon":2,"minecraft:leather_leggings":1,"minecraft:leather":41,"minecraft:enchanted_book":5,"minecraft:flint":9,"minecraft:oak_log":40,"minecraft:dirt":32,"minecraft:string":4,"minecraft:oak_trapdoor":2,"minecraft:iron_leggings":7,"minecraft:leather_boots":1,"minecraft:kelp":3,"minecraft:bow":3,"minecraft:wheat_seeds":1,"minecraft:cobbled_deepslate":135,"minecraft:iron_ingot":6,"minecraft:beef":94,"minecraft:oak_boat":7,"minecraft:cobblestone_slab":64,"minecraft:iron_nugget":12,"minecraft:iron_boots":8,"minecraft:egg":1,"minecraft:furnace":4,"minecraft:book":629,"minecraft:raw_iron":77,"minecraft:cooked_porkchop":64,"minecraft:copper_ingot":3,"minecraft:torch":21,"minecraft:gravel":5,"sophisticatedbackpacks:backpack":2,"minecraft:porkchop":79,"sophisticatedbackpacks:iron_backpack":1,"minecraft:diorite":8,"minecraft:carrot":1,"minecraft:spider_eye":3,"minecraft:arrow":1,"minecraft:rotten_flesh":127,"minecraft:iron_helmet":3,"minecraft:hay_block":50,"minecraft:granite":12,"minecraft:saddle":3,"sophisticatedbackpacks:copper_backpack":1,"minecraft:oak_sapling":1,"minecraft:mutton":22,"minecraft:obsidian":2,"minecraft:coal":252,"minecraft:white_wool":28,"minecraft:cobblestone":316},"minecraft:killed":{"minecraft:pig":37,"minecraft:witch":1,"minecraft:zombie_villager":1,"minecraft:salmon":2,"minecraft:spider":4,"minecraft:bat":1,"minecraft:sheep":15,"minecraft:skeleton":1,"minecraft:zombie":92,"minecraft:drowned":9,"minecraft:cow":36},"minecraft:crafted":{"minecraft:cooked_beef":70,"minecraft:oak_planks":48,"minecraft:cobblestone_slab":78,"minecraft:stone_shovel":1,"sophisticatedbackpacks:backpack":1,"minecraft:cooked_porkchop":81,"minecraft:crafting_table":2,"minecraft:wooden_pickaxe":1,"minecraft:furnace":2,"minecraft:stone_axe":1,"minecraft:cooked_mutton":34,"minecraft:air":0,"minecraft:oak_trapdoor":2,"minecraft:oak_boat":1,"minecraft:stick":44,"minecraft:iron_ingot":26,"minecraft:iron_pickaxe":1,"minecraft:stone_pickaxe":11,"minecraft:stone_sword":3,"minecraft:chest":1,"minecraft:torch":48},"minecraft:dropped":{"minecraft:enchanted_book":5,"minecraft:gravel":3,"minecraft:iron_ingot":6,"minecraft:kelp":3,"minecraft:wheat_seeds":1,"minecraft:iron_nugget":18,"minecraft:cooked_beef":40,"minecraft:cooked_porkchop":64,"minecraft:obsidian":2,"minecraft:raw_iron":33,"minecraft:chicken":1,"minecraft:iron_helmet":2,"minecraft:cobblestone":50,"minecraft:rotten_flesh":69,"minecraft:book":448,"minecraft:iron_boots":1,"minecraft:saddle":3,"minecraft:coal":110,"minecraft:emerald":1,"minecraft:stick":9,"minecraft:flint":6,"minecraft:dirt":1,"minecraft:cobblestone_slab":142,"minecraft:hay_block":25,"minecraft:diorite":8,"minecraft:iron_chestplate":1,"minecraft:leather_boots":1,"minecraft:leather_leggings":1,"minecraft:iron_leggings":1,"minecraft:spider_eye":1,"sophisticatedbackpacks:copper_backpack":1,"minecraft:arrow":1,"minecraft:bow":2,"minecraft:white_wool":14,"minecraft:egg":1},"minecraft:custom":{"minecraft:interact_with_furnace":98,"minecraft:mob_kills":199,"minecraft:interact_with_crafting_table":35,"minecraft:bell_ring":4,"minecraft:leave_game":10,"minecraft:time_since_death":187537,"minecraft:sleep_in_bed":1,"minecraft:climb_one_cm":1064,"minecraft:time_since_rest":160067,"minecraft:sprint_one_cm":506789,"minecraft:damage_taken":1645,"minecraft:walk_one_cm":532514,"minecraft:drop":73,"minecraft:damage_dealt":14649,"minecraft:damage_dealt_absorbed":9,"minecraft:swim_one_cm":59303,"minecraft:talked_to_villager":1,"minecraft:fly_one_cm":475552,"minecraft:open_chest":68,"minecraft:play_time":187537,"minecraft:crouch_one_cm":98136,"minecraft:sneak_time":22789,"minecraft:walk_under_water_one_cm":14466,"minecraft:jump":3039,"minecraft:walk_on_water_one_cm":37148,"minecraft:total_world_time":187537,"minecraft:fall_one_cm":54288},"minecraft:broken":{"minecraft:stone_pickaxe":4,"minecraft:stone_sword":2,"minecraft:stone_axe":1}},"DataVersion":3465}