{"stats":{"minecraft:mined":{"minecraft:crafting_table":5,"minecraft:torch":4,"minecraft:granite":12,"minecraft:grass_block":7,"minecraft:cobblestone":11,"minecraft:kelp":2,"minecraft:diorite":8,"minecraft:wall_torch":9,"minecraft:hay_block":25,"minecraft:tall_seagrass":2,"minecraft:oak_trapdoor":2,"minecraft:furnace":4,"minecraft:iron_ore":39,"minecraft:cobbled_deepslate":14,"minecraft:andesite":27,"minecraft:grass":3,"minecraft:bookshelf":66,"minecraft:oak_log":40,"minecraft:coal_ore":141,"minecraft:deepslate_iron_ore":6,"minecraft:gravel":8,"minecraft:dirt":21,"minecraft:stone":279,"minecraft:oak_leaves":8,"minecraft:deepslate":121},"minecraft:used":{"minecraft:oak_trapdoor":3,"minecraft:cooked_mutton":19,"minecraft:stone_sword":293,"minecraft:stone_pickaxe":642,"minecraft:stone_shovel":23,"minecraft:chest":1,"minecraft:wooden_pickaxe":26,"minecraft:torch":44,"minecraft:dirt":8,"minecraft:crafting_table":7,"minecraft:apple":10,"minecraft:bread":13,"minecraft:stone_axe":121,"minecraft:cobblestone":24,"minecraft:furnace":4,"minecraft:bucket":1,"minecraft:oak_boat":7,"minecraft:cobbled_deepslate":86},"minecraft:picked_up":{"minecraft:crafting_table":5,"minecraft:chicken":1,"minecraft:salmon":2,"minecraft:leather":41,"minecraft:flint":9,"minecraft:oak_log":40,"minecraft:dirt":28,"minecraft:string":4,"minecraft:oak_trapdoor":2,"minecraft:iron_leggings":6,"minecraft:kelp":3,"minecraft:bow":2,"minecraft:wheat_seeds":1,"minecraft:cobbled_deepslate":133,"minecraft:beef":94,"minecraft:oak_boat":7,"minecraft:cobblestone_slab":64,"minecraft:iron_nugget":12,"minecraft:furnace":4,"minecraft:iron_boots":7,"minecraft:egg":1,"minecraft:book":181,"minecraft:raw_iron":44,"minecraft:torch":18,"minecraft:gravel":5,"minecraft:porkchop":79,"sophisticatedbackpacks:iron_backpack":1,"minecraft:diorite":8,"minecraft:carrot":1,"minecraft:spider_eye":3,"minecraft:arrow":1,"minecraft:rotten_flesh":65,"minecraft:iron_helmet":2,"minecraft:hay_block":25,"minecraft:granite":12,"minecraft:saddle":1,"sophisticatedbackpacks:copper_backpack":1,"minecraft:oak_sapling":1,"minecraft:mutton":22,"minecraft:coal":142,"minecraft:white_wool":14,"minecraft:cobblestone":315},"minecraft:killed":{"minecraft:pig":37,"minecraft:witch":1,"minecraft:salmon":2,"minecraft:spider":4,"minecraft:bat":1,"minecraft:sheep":15,"minecraft:skeleton":1,"minecraft:zombie":62,"minecraft:drowned":8,"minecraft:cow":36},"minecraft:dropped":{"minecraft:gravel":3,"minecraft:kelp":3,"minecraft:wheat_seeds":1,"minecraft:iron_nugget":18,"minecraft:chicken":1,"minecraft:cobblestone":50,"minecraft:rotten_flesh":25,"minecraft:saddle":1,"minecraft:flint":6,"minecraft:emerald":1,"minecraft:dirt":1,"minecraft:cobblestone_slab":142,"minecraft:diorite":8,"minecraft:spider_eye":1,"minecraft:arrow":1,"minecraft:bow":1,"minecraft:egg":1},"minecraft:crafted":{"minecraft:cooked_beef":40,"minecraft:oak_planks":48,"minecraft:cobblestone_slab":78,"minecraft:stone_shovel":1,"sophisticatedbackpacks:backpack":1,"minecraft:cooked_porkchop":64,"minecraft:crafting_table":2,"minecraft:wooden_pickaxe":1,"minecraft:furnace":2,"minecraft:stone_axe":1,"minecraft:cooked_mutton":22,"minecraft:air":0,"minecraft:oak_trapdoor":2,"minecraft:oak_boat":1,"minecraft:stick":36,"minecraft:iron_ingot":12,"minecraft:iron_pickaxe":1,"minecraft:stone_pickaxe":7,"minecraft:stone_sword":3,"minecraft:chest":1,"minecraft:torch":48},"minecraft:custom":{"minecraft:interact_with_furnace":34,"minecraft:mob_kills":167,"minecraft:interact_with_crafting_table":33,"minecraft:bell_ring":4,"minecraft:leave_game":8,"minecraft:time_since_death":145858,"minecraft:sleep_in_bed":1,"minecraft:climb_one_cm":306,"minecraft:time_since_rest":118388,"minecraft:sprint_one_cm":444636,"minecraft:damage_taken":1465,"minecraft:walk_one_cm":380647,"minecraft:drop":31,"minecraft:damage_dealt":13247,"minecraft:swim_one_cm":53233,"minecraft:talked_to_villager":1,"minecraft:fly_one_cm":398834,"minecraft:open_chest":39,"minecraft:play_time":145858,"minecraft:crouch_one_cm":89010,"minecraft:sneak_time":20563,"minecraft:walk_under_water_one_cm":14359,"minecraft:jump":2491,"minecraft:walk_on_water_one_cm":36564,"minecraft:total_world_time":145858,"minecraft:fall_one_cm":48098},"minecraft:broken":{"minecraft:stone_pickaxe":4,"minecraft:stone_axe":1,"minecraft:stone_sword":2}},"DataVersion":3465}