{"stats":{"minecraft:picked_up":{"minecraft:crafting_table":5,"minecraft:salmon":2,"minecraft:leather":41,"minecraft:flint":2,"minecraft:oak_log":40,"minecraft:string":4,"minecraft:dirt":27,"minecraft:iron_leggings":6,"minecraft:kelp":3,"minecraft:wheat_seeds":1,"minecraft:cobbled_deepslate":10,"minecraft:beef":94,"minecraft:oak_boat":6,"minecraft:cobblestone_slab":64,"minecraft:iron_nugget":12,"minecraft:furnace":4,"minecraft:egg":1,"minecraft:iron_boots":7,"minecraft:book":181,"minecraft:raw_iron":38,"minecraft:torch":2,"minecraft:gravel":4,"minecraft:porkchop":73,"minecraft:diorite":8,"minecraft:spider_eye":2,"minecraft:rotten_flesh":12,"minecraft:hay_block":25,"minecraft:granite":12,"minecraft:oak_sapling":1,"minecraft:mutton":22,"minecraft:coal":142,"minecraft:cobblestone":283,"minecraft:white_wool":14},"minecraft:dropped":{"minecraft:gravel":3,"minecraft:kelp":3,"minecraft:wheat_seeds":1,"minecraft:iron_nugget":18,"minecraft:cobblestone":50,"minecraft:rotten_flesh":12,"minecraft:emerald":1,"minecraft:dirt":1,"minecraft:cobblestone_slab":78,"minecraft:diorite":8,"minecraft:egg":1},"minecraft:crafted":{"minecraft:cooked_beef":40,"minecraft:oak_planks":40,"minecraft:cobblestone_slab":78,"minecraft:stone_shovel":1,"sophisticatedbackpacks:backpack":1,"minecraft:cooked_porkchop":64,"minecraft:crafting_table":2,"minecraft:wooden_pickaxe":1,"minecraft:furnace":2,"minecraft:stone_axe":1,"minecraft:cooked_mutton":22,"minecraft:air":0,"minecraft:oak_boat":1,"minecraft:stick":32,"minecraft:iron_ingot":12,"minecraft:iron_pickaxe":1,"minecraft:stone_pickaxe":7,"minecraft:stone_sword":2,"minecraft:chest":1,"minecraft:torch":48},"minecraft:mined":{"minecraft:crafting_table":5,"minecraft:granite":12,"minecraft:grass_block":6,"minecraft:cobblestone":7,"minecraft:kelp":2,"minecraft:diorite":8,"minecraft:wall_torch":2,"minecraft:hay_block":25,"minecraft:tall_seagrass":2,"minecraft:furnace":4,"minecraft:iron_ore":39,"minecraft:andesite":27,"minecraft:grass":3,"minecraft:bookshelf":66,"minecraft:oak_log":40,"minecraft:coal_ore":141,"minecraft:gravel":7,"minecraft:dirt":21,"minecraft:stone":252,"minecraft:deepslate":16,"minecraft:oak_leaves":8},"minecraft:used":{"minecraft:cooked_mutton":9,"minecraft:stone_sword":225,"minecraft:stone_shovel":22,"minecraft:stone_pickaxe":485,"minecraft:wooden_pickaxe":26,"minecraft:torch":7,"minecraft:dirt":6,"minecraft:crafting_table":7,"minecraft:apple":10,"minecraft:bread":12,"minecraft:stone_axe":115,"minecraft:cobblestone":18,"minecraft:furnace":4,"minecraft:bucket":1,"minecraft:oak_boat":6,"minecraft:cobbled_deepslate":10},"minecraft:broken":{"minecraft:stone_pickaxe":3,"minecraft:stone_sword":1},"minecraft:killed":{"minecraft:pig":34,"minecraft:salmon":2,"minecraft:spider":3,"minecraft:sheep":15,"minecraft:zombie":6,"minecraft:cow":36},"minecraft:custom":{"minecraft:interact_with_furnace":34,"minecraft:mob_kills":96,"minecraft:interact_with_crafting_table":29,"minecraft:bell_ring":4,"minecraft:leave_game":5,"minecraft:time_since_death":96182,"minecraft:sleep_in_bed":1,"minecraft:climb_one_cm":306,"minecraft:time_since_rest":68712,"minecraft:sprint_one_cm":350512,"minecraft:damage_taken":805,"minecraft:walk_one_cm":173706,"minecraft:drop":22,"minecraft:damage_dealt":10105,"minecraft:swim_one_cm":42718,"minecraft:talked_to_villager":1,"minecraft:fly_one_cm":338026,"minecraft:open_chest":23,"minecraft:crouch_one_cm":63797,"minecraft:play_time":96182,"minecraft:sneak_time":14880,"minecraft:walk_under_water_one_cm":12338,"minecraft:jump":1950,"minecraft:walk_on_water_one_cm":13295,"minecraft:total_world_time":96182,"minecraft:fall_one_cm":40644}},"DataVersion":3465}