{"stats":{"minecraft:mined":{"minecraft:granite":12,"minecraft:grass_block":7,"minecraft:kelp":2,"minecraft:hay_block":25,"minecraft:tall_seagrass":2,"minecraft:oak_trapdoor":2,"minecraft:furnace":4,"minecraft:iron_ore":39,"minecraft:cobbled_deepslate":14,"minecraft:andesite":27,"minecraft:bookshelf":66,"minecraft:deepslate_iron_ore":6,"minecraft:stone":280,"minecraft:crafting_table":5,"minecraft:torch":5,"minecraft:nether_quartz_ore":58,"minecraft:cobblestone":12,"minecraft:diorite":8,"minecraft:wall_torch":9,"minecraft:grass":3,"minecraft:oak_log":40,"minecraft:coal_ore":141,"minecraft:gravel":8,"minecraft:dirt":26,"minecraft:netherrack":7,"minecraft:oak_leaves":9,"minecraft:deepslate":123},"minecraft:used":{"minecraft:oak_trapdoor":3,"minecraft:stone_sword":315,"minecraft:stone_shovel":25,"minecraft:chest":1,"minecraft:torch":46,"minecraft:dirt":15,"minecraft:furnace":4,"minecraft:cobbled_deepslate":86,"minecraft:cooked_mutton":27,"minecraft:stone_pickaxe":711,"minecraft:wooden_pickaxe":26,"minecraft:crafting_table":7,"minecraft:apple":10,"minecraft:bread":13,"minecraft:stone_axe":121,"minecraft:cobblestone":24,"minecraft:bucket":1,"minecraft:oak_boat":9},"minecraft:picked_up":{"minecraft:iron_chestplate":1,"minecraft:crafting_table":5,"minecraft:chicken":1,"minecraft:leather_leggings":1,"minecraft:enchanted_book":5,"minecraft:string":4,"minecraft:oak_trapdoor":2,"minecraft:iron_leggings":7,"minecraft:cobbled_deepslate":135,"minecraft:beef":94,"minecraft:oak_boat":9,"minecraft:cobblestone_slab":64,"minecraft:iron_nugget":12,"minecraft:furnace":4,"minecraft:iron_boots":8,"minecraft:egg":1,"minecraft:raw_iron":77,"minecraft:copper_ingot":3,"minecraft:torch":21,"sophisticatedbackpacks:backpack":2,"minecraft:porkchop":79,"minecraft:diorite":8,"minecraft:carrot":1,"minecraft:arrow":1,"minecraft:rotten_flesh":128,"minecraft:hay_block":50,"minecraft:saddle":3,"sophisticatedbackpacks:copper_backpack":1,"minecraft:obsidian":2,"minecraft:mutton":22,"minecraft:white_wool":28,"minecraft:cobblestone":317,"minecraft:cooked_beef":40,"minecraft:salmon":2,"minecraft:leather":41,"minecraft:flint":9,"minecraft:oak_log":40,"minecraft:dirt":32,"minecraft:leather_boots":1,"minecraft:kelp":3,"minecraft:bow":3,"minecraft:wheat_seeds":1,"minecraft:iron_ingot":6,"minecraft:stone_pickaxe":1,"minecraft:book":629,"minecraft:cooked_porkchop":64,"minecraft:quartz":58,"minecraft:gravel":5,"sophisticatedbackpacks:iron_backpack":1,"minecraft:spider_eye":3,"minecraft:dispenser":1,"minecraft:iron_helmet":3,"minecraft:granite":12,"minecraft:oak_sapling":1,"minecraft:netherrack":7,"minecraft:coal":252},"minecraft:killed":{"minecraft:witch":1,"minecraft:spider":4,"minecraft:skeleton":1,"minecraft:drowned":9,"minecraft:pig":37,"minecraft:zombie_villager":1,"minecraft:salmon":2,"minecraft:bat":1,"minecraft:sheep":15,"minecraft:zombie":92,"minecraft:cow":36},"minecraft:crafted":{"minecraft:oak_planks":48,"minecraft:cobblestone_slab":78,"minecraft:stone_shovel":1,"minecraft:furnace":2,"minecraft:cooked_mutton":34,"minecraft:oak_trapdoor":2,"minecraft:stone_pickaxe":11,"minecraft:chest":1,"minecraft:cooked_beef":70,"sophisticatedbackpacks:backpack":1,"minecraft:cooked_porkchop":81,"minecraft:crafting_table":2,"minecraft:wooden_pickaxe":1,"minecraft:stone_axe":1,"minecraft:air":0,"minecraft:oak_boat":1,"minecraft:stick":44,"minecraft:iron_ingot":26,"minecraft:iron_pickaxe":1,"minecraft:stone_sword":3,"minecraft:torch":48},"minecraft:dropped":{"minecraft:enchanted_book":5,"minecraft:iron_ingot":6,"minecraft:wheat_seeds":1,"minecraft:cooked_beef":40,"minecraft:cooked_porkchop":64,"minecraft:iron_helmet":2,"minecraft:cobblestone":50,"minecraft:book":448,"minecraft:saddle":3,"minecraft:coal":110,"minecraft:flint":6,"minecraft:stick":9,"minecraft:emerald":1,"minecraft:dirt":1,"minecraft:diorite":8,"minecraft:iron_leggings":1,"minecraft:white_wool":14,"minecraft:gravel":3,"minecraft:kelp":3,"minecraft:iron_nugget":18,"minecraft:obsidian":2,"minecraft:raw_iron":33,"minecraft:chicken":1,"minecraft:rotten_flesh":70,"minecraft:iron_boots":1,"minecraft:cobblestone_slab":142,"minecraft:hay_block":25,"minecraft:iron_chestplate":1,"minecraft:leather_boots":1,"minecraft:leather_leggings":1,"minecraft:spider_eye":1,"sophisticatedbackpacks:copper_backpack":1,"minecraft:arrow":1,"minecraft:bow":2,"minecraft:stone_pickaxe":1,"minecraft:egg":1},"minecraft:custom":{"minecraft:mob_kills":199,"minecraft:interact_with_crafting_table":35,"minecraft:bell_ring":4,"minecraft:leave_game":11,"minecraft:time_since_death":198527,"minecraft:climb_one_cm":1064,"minecraft:sprint_one_cm":550984,"minecraft:walk_one_cm":544568,"minecraft:drop":75,"minecraft:damage_dealt_absorbed":9,"minecraft:talked_to_villager":1,"minecraft:play_time":198527,"minecraft:sneak_time":24718,"minecraft:walk_under_water_one_cm":16439,"minecraft:boat_one_cm":40,"minecraft:jump":3240,"minecraft:walk_on_water_one_cm":40457,"minecraft:total_world_time":198527,"minecraft:interact_with_furnace":98,"minecraft:sleep_in_bed":1,"minecraft:time_since_rest":171057,"minecraft:damage_taken":1744,"minecraft:damage_dealt":14651,"minecraft:swim_one_cm":78436,"minecraft:fly_one_cm":513547,"minecraft:open_chest":69,"minecraft:crouch_one_cm":107349,"minecraft:fall_one_cm":60739},"minecraft:broken":{"minecraft:stone_sword":2,"minecraft:stone_pickaxe":5,"minecraft:stone_axe":1}},"DataVersion":3465}