{"stats":{"minecraft:picked_up":{"minecraft:wooden_axe":1,"minecraft:birch_door":1,"minecraft:mud":1,"minecraft:crafting_table":3,"minecraft:wheat":54,"minecraft:chicken":6,"minecraft:potion":1,"gravestone:obituary":3,"minecraft:red_bed":1,"minecraft:string":10,"minecraft:dark_oak_trapdoor":1,"minecraft:waxed_cut_copper_slab":2,"minecraft:acacia_door":1,"minecraft:red_nether_bricks":32,"minecraft:iron_leggings":2,"minecraft:iron_shovel":1,"minecraft:cyan_carpet":2,"minecraft:cobbled_deepslate":58,"minecraft:beef":34,"minecraft:oak_boat":2,"minecraft:calcite":2,"minecraft:iron_nugget":7,"minecraft:light_gray_wool":3,"minecraft:coal_block":2,"minecraft:furnace":6,"minecraft:birch_sapling":9,"minecraft:smooth_quartz_stairs":12,"minecraft:iron_boots":1,"minecraft:egg":4,"minecraft:dark_oak_door":1,"minecraft:stick":20,"minecraft:raw_iron":24,"minecraft:stripped_mangrove_wood":18,"minecraft:acacia_fence":2,"minecraft:oak_fence":1,"minecraft:torch":4,"minecraft:acacia_log":28,"minecraft:porkchop":32,"minecraft:diorite":3,"minecraft:stone_sword":2,"minecraft:arrow":10,"minecraft:rotten_flesh":12,"minecraft:hay_block":23,"minecraft:mutton":39,"minecraft:white_wool":26,"minecraft:cobblestone":448,"minecraft:birch_log":95,"minecraft:feather":6,"minecraft:cooked_beef":9,"minecraft:andesite":1,"minecraft:brown_wool":1,"minecraft:leather":21,"minecraft:potato":6,"minecraft:filled_map":1,"minecraft:birch_planks":1,"minecraft:flint":1,"minecraft:oak_log":185,"minecraft:lapis_lazuli":33,"minecraft:dirt":4,"minecraft:orange_terracotta":35,"minecraft:cooked_mutton":13,"minecraft:bone":14,"minecraft:acacia_planks":113,"minecraft:apple":15,"minecraft:kelp":1,"minecraft:bow":1,"minecraft:wheat_seeds":232,"minecraft:spruce_wood":1,"minecraft:cooked_chicken":1,"minecraft:tall_grass":1,"minecraft:oak_planks":4,"minecraft:book":1,"minecraft:cooked_porkchop":13,"minecraft:gravel":4,"minecraft:nether_brick_stairs":2,"minecraft:white_bed":5,"minecraft:nether_brick_slab":5,"minecraft:spider_eye":2,"minecraft:stripped_acacia_log":1,"minecraft:stone_axe":1,"minecraft:soul_lantern":1,"minecraft:granite":19,"minecraft:bone_meal":1,"minecraft:golden_apple":1,"minecraft:spruce_sign":6,"minecraft:emerald":1,"minecraft:melon_seeds":10,"minecraft:oak_sapling":43,"minecraft:acacia_slab":1,"minecraft:black_wool":2,"minecraft:coal":323},"minecraft:killed_by":{"minecraft:spider":1},"minecraft:crafted":{"minecraft:oak_planks":606,"minecraft:coal":18,"minecraft:cooked_chicken":3,"minecraft:furnace":11,"minecraft:cooked_mutton":14,"minecraft:flint_and_steel":1,"minecraft:stone_pickaxe":5,"minecraft:chest":4,"minecraft:wheat":216,"minecraft:cooked_beef":22,"minecraft:cooked_porkchop":6,"minecraft:crafting_table":14,"minecraft:wooden_pickaxe":2,"minecraft:leather_helmet":1,"moonsweaponry:iron_greatsword":2,"minecraft:birch_planks":186,"minecraft:stone_axe":4,"minecraft:bread":90,"minecraft:air":0,"minecraft:oak_boat":1,"minecraft:charcoal":148,"minecraft:stick":108,"minecraft:iron_ingot":8,"minecraft:leather_chestplate":2,"minecraft:wooden_axe":2,"minecraft:stone_sword":4,"minecraft:iron_leggings":1,"minecraft:white_bed":4,"minecraft:acacia_planks":168,"minecraft:torch":324},"minecraft:dropped":{"minecraft:water_bucket":1,"minecraft:bread":1,"minecraft:cooked_beef":5,"minecraft:cooked_porkchop":13,"minecraft:cobblestone":60,"minecraft:apple":9,"minecraft:stick":2,"moonsweaponry:iron_greatsword":1,"minecraft:wooden_axe":1,"gravestone:obituary":2,"minecraft:pumpkin_pie":3,"minecraft:acacia_door":1,"minecraft:acacia_planks":3,"minecraft:cyan_carpet":2,"minecraft:bone":2,"minecraft:nether_brick_slab":5,"minecraft:stone_axe":1,"minecraft:kelp":1,"minecraft:stone_sword":1,"minecraft:soul_lantern":1,"minecraft:rotten_flesh":2,"minecraft:cooked_mutton":7,"minecraft:leather_chestplate":1,"minecraft:birch_door":1,"minecraft:spruce_wood":1,"minecraft:red_nether_bricks":4,"minecraft:stone_pickaxe":1,"minecraft:acacia_fence":1,"minecraft:egg":1},"minecraft:mined":{"minecraft:waxed_cut_copper_slab":2,"minecraft:white_bed":5,"minecraft:red_nether_bricks":77,"gravestone:gravestone":1,"minecraft:granite":19,"minecraft:acacia_log":30,"minecraft:grass_block":3,"minecraft:white_concrete":2,"minecraft:coal_block":2,"minecraft:acacia_slab":1,"minecraft:spawner":9,"minecraft:black_stained_glass_pane":1,"minecraft:hay_block":25,"minecraft:weeping_vines_plant":1,"minecraft:furnace":6,"minecraft:dark_oak_trapdoor":1,"minecraft:iron_ore":23,"minecraft:fire":12,"minecraft:andesite":1,"minecraft:potted_red_mushroom":1,"minecraft:stripped_dark_oak_wood":2,"minecraft:nether_brick_stairs":2,"minecraft:dark_oak_stairs":1,"minecraft:deepslate_iron_ore":2,"minecraft:stripped_acacia_log":1,"minecraft:smooth_quartz_stairs":34,"minecraft:spruce_wood":2,"minecraft:stripped_mangrove_wood":18,"minecraft:stone":536,"minecraft:white_wool":2,"minecraft:melon_stem":3,"minecraft:orange_terracotta":45,"minecraft:crafting_table":3,"minecraft:torch":1,"minecraft:calcite":4,"minecraft:nether_brick_slab":5,"minecraft:mushroom_stem":71,"minecraft:smooth_quartz_slab":1,"minecraft:tall_grass":6,"minecraft:cobblestone":4,"minecraft:lapis_ore":4,"minecraft:oak_planks":1,"minecraft:diorite":6,"minecraft:birch_planks":1,"minecraft:mud":1,"minecraft:birch_log":100,"minecraft:wheat":59,"minecraft:birch_leaves":1,"minecraft:grass":10,"minecraft:oak_log":196,"minecraft:coal_ore":266,"minecraft:acacia_fence":1,"minecraft:cyan_carpet":2,"minecraft:gravel":5,"minecraft:dirt":3,"minecraft:sand":1,"minecraft:acacia_planks":1,"minecraft:oak_leaves":28,"minecraft:deepslate":56},"minecraft:used":{"minecraft:stone_sword":417,"minecraft:chest":4,"minecraft:cooked_chicken":4,"minecraft:torch":180,"minecraft:obsidian":2,"minecraft:wooden_axe":91,"minecraft:lava_bucket":30,"minecraft:acacia_slab":1,"moonsweaponry:iron_greatsword":4,"minecraft:furnace":11,"minecraft:cooked_beef":25,"minecraft:acacia_planks":153,"minecraft:orange_terracotta":33,"minecraft:cooked_mutton":5,"minecraft:water_bucket":2,"minecraft:stripped_acacia_log":1,"minecraft:red_nether_bricks":23,"minecraft:birch_planks":38,"minecraft:stone_pickaxe":536,"minecraft:oak_planks":36,"minecraft:wooden_pickaxe":12,"minecraft:white_wool":2,"minecraft:stripped_mangrove_wood":7,"minecraft:red_bed":1,"minecraft:crafting_table":18,"minecraft:white_bed":9,"minecraft:apple":16,"minecraft:bread":128,"minecraft:stone_axe":365,"minecraft:cobblestone":261,"minecraft:porkchop":4,"minecraft:cooked_porkchop":6,"minecraft:bucket":34,"minecraft:oak_boat":3},"minecraft:broken":{"minecraft:leather_helmet":1,"minecraft:stone_pickaxe":4,"minecraft:stone_axe":2,"minecraft:wooden_axe":1},"minecraft:killed":{"minecraft:spider":6,"minecraft:phantom":1,"minecraft:skeleton":7,"minecraft:chicken":7,"minecraft:piglin_brute":4,"minecraft:piglin":1,"minecraft:husk":16,"minecraft:pig":20,"minecraft:sheep":30,"minecraft:zombie":11,"minecraft:cow":18},"minecraft:custom":{"minecraft:mob_kills":129,"minecraft:interact_with_crafting_table":53,"minecraft:open_barrel":8,"minecraft:leave_game":11,"minecraft:time_since_death":128831,"minecraft:climb_one_cm":10169,"minecraft:sprint_one_cm":1349452,"minecraft:walk_one_cm":765937,"minecraft:drop":35,"minecraft:damage_dealt_absorbed":40,"minecraft:play_time":371956,"minecraft:deaths":1,"minecraft:sneak_time":21076,"minecraft:walk_under_water_one_cm":14779,"minecraft:jump":9175,"minecraft:walk_on_water_one_cm":26277,"minecraft:total_world_time":371956,"minecraft:interact_with_furnace":106,"minecraft:sleep_in_bed":16,"minecraft:time_since_rest":13977,"minecraft:waystone_activated":4,"minecraft:damage_taken":5747,"minecraft:damage_dealt":18087,"minecraft:swim_one_cm":249167,"minecraft:fly_one_cm":1913429,"minecraft:open_chest":121,"minecraft:crouch_one_cm":61100,"minecraft:fall_one_cm":263947}},"DataVersion":3465}