{"stats":{"minecraft:mined":{"minecraft:nether_gold_ore":1,"minecraft:tuff":12,"minecraft:white_bed":5,"minecraft:quartz_stairs":1,"minecraft:mossy_cobblestone":51,"minecraft:red_nether_bricks":77,"gravestone:gravestone":2,"minecraft:granite":68,"minecraft:acacia_log":30,"minecraft:grass_block":9,"minecraft:white_concrete":2,"minecraft:coal_block":2,"minecraft:kelp":3,"minecraft:acacia_slab":1,"minecraft:spawner":13,"minecraft:oak_wall_sign":2,"minecraft:black_stained_glass_pane":3,"minecraft:hay_block":25,"minecraft:weeping_vines_plant":1,"minecraft:furnace":7,"minecraft:dark_oak_trapdoor":1,"minecraft:iron_ore":27,"minecraft:fire":15,"minecraft:cobbled_deepslate":99,"minecraft:andesite":80,"minecraft:potted_red_mushroom":1,"minecraft:stripped_dark_oak_wood":2,"minecraft:nether_brick_stairs":2,"minecraft:dark_oak_stairs":1,"minecraft:deepslate_iron_ore":28,"minecraft:light_gray_concrete":27,"minecraft:stripped_acacia_log":1,"minecraft:smooth_quartz_stairs":34,"minecraft:spruce_wood":2,"minecraft:stripped_mangrove_wood":18,"minecraft:stone":882,"minecraft:white_wool":2,"minecraft:tripwire":2,"minecraft:gray_concrete":2,"minecraft:redstone_block":2,"minecraft:soul_sand":26,"minecraft:kelp_plant":44,"minecraft:melon_stem":3,"minecraft:crimson_nylium":7,"minecraft:orange_terracotta":45,"minecraft:observer":2,"minecraft:chiseled_quartz_block":17,"minecraft:crafting_table":9,"minecraft:torch":6,"minecraft:calcite":4,"minecraft:chest":2,"minecraft:campfire":1,"minecraft:nether_brick_slab":5,"minecraft:stone_slab":1,"minecraft:mushroom_stem":71,"minecraft:smooth_quartz_slab":1,"minecraft:nether_quartz_ore":43,"minecraft:tall_grass":6,"minecraft:cobblestone":100,"minecraft:deepslate_coal_ore":9,"minecraft:lapis_ore":4,"minecraft:oak_planks":11,"minecraft:wall_torch":15,"minecraft:diorite":30,"minecraft:seagrass":2,"minecraft:birch_planks":1,"minecraft:nether_wart_block":2,"minecraft:mud":1,"minecraft:light_gray_stained_glass":2,"minecraft:birch_log":100,"minecraft:wheat":59,"minecraft:birch_leaves":1,"minecraft:stone_brick_stairs":2,"minecraft:smooth_stone_slab":1,"minecraft:grass":11,"minecraft:coal_ore":282,"minecraft:oak_log":196,"minecraft:acacia_fence":1,"minecraft:cyan_carpet":2,"minecraft:smooth_quartz":56,"minecraft:gravel":35,"minecraft:dirt":7,"minecraft:sand":8,"minecraft:cobweb":1,"minecraft:tripwire_hook":2,"minecraft:acacia_planks":1,"minecraft:dispenser":1,"minecraft:netherrack":208,"minecraft:piston":1,"minecraft:oak_leaves":31,"minecraft:deepslate":593,"minecraft:infested_stone":1,"minecraft:waxed_cut_copper_slab":2},"minecraft:used":{"minecraft:stone_sword":417,"minecraft:flint_and_steel":1,"minecraft:oak_sign":5,"minecraft:chest":7,"minecraft:cooked_salmon":2,"minecraft:cooked_chicken":6,"minecraft:quartz_stairs":1,"minecraft:netherrack":178,"minecraft:torch":318,"minecraft:soul_sand":1,"minecraft:dirt":1,"minecraft:obsidian":2,"minecraft:wooden_axe":91,"minecraft:lava_bucket":46,"minecraft:acacia_slab":1,"moonsweaponry:iron_greatsword":304,"minecraft:smooth_quartz":55,"minecraft:furnace":12,"minecraft:orange_terracotta":33,"minecraft:cooked_beef":25,"minecraft:cobbled_deepslate":342,"minecraft:acacia_planks":153,"minecraft:cobbled_deepslate_wall":2,"minecraft:cooked_mutton":5,"minecraft:stripped_acacia_log":1,"minecraft:birch_planks":69,"minecraft:water_bucket":61,"minecraft:oak_planks":45,"minecraft:stone_pickaxe":1366,"minecraft:red_nether_bricks":23,"minecraft:wooden_pickaxe":71,"minecraft:redstone_block":2,"minecraft:white_wool":2,"minecraft:stripped_mangrove_wood":7,"minecraft:red_bed":1,"minecraft:crafting_table":28,"minecraft:white_bed":9,"moonsweaponry:wooden_greatsword":48,"minecraft:apple":16,"minecraft:bread":178,"minecraft:stone_axe":365,"minecraft:nether_wart_block":1,"minecraft:cobblestone":599,"minecraft:porkchop":4,"minecraft:cooked_porkchop":23,"minecraft:oak_boat":4,"minecraft:pumpkin_pie":10,"minecraft:bucket":111,"minecraft:kelp":24},"minecraft:picked_up":{"minecraft:wooden_axe":1,"minecraft:crafting_table":8,"minecraft:mud":1,"minecraft:birch_door":1,"minecraft:wheat":54,"minecraft:redstone_block":2,"minecraft:chicken":8,"minecraft:potion":1,"minecraft:stone_brick_stairs":1,"gravestone:obituary":3,"minecraft:red_bed":1,"minecraft:string":13,"minecraft:dark_oak_trapdoor":1,"minecraft:waxed_cut_copper_slab":2,"minecraft:acacia_door":1,"minecraft:flint_and_steel":1,"minecraft:red_nether_bricks":32,"minecraft:iron_leggings":2,"minecraft:iron_shovel":1,"minecraft:cyan_carpet":2,"minecraft:oak_sign":2,"minecraft:gold_nugget":3,"minecraft:cobbled_deepslate":550,"minecraft:comparator":10,"minecraft:beef":34,"minecraft:oak_boat":4,"minecraft:calcite":2,"minecraft:observer":2,"minecraft:iron_nugget":7,"minecraft:smooth_quartz":55,"minecraft:light_gray_wool":3,"minecraft:piston":1,"minecraft:quartz_stairs":1,"minecraft:coal_block":2,"minecraft:chest":2,"minecraft:birch_sapling":9,"minecraft:smooth_quartz_stairs":12,"minecraft:furnace":7,"minecraft:iron_boots":1,"minecraft:egg":5,"minecraft:dark_oak_door":1,"minecraft:raw_iron":54,"minecraft:stick":22,"minecraft:stripped_mangrove_wood":18,"minecraft:acacia_fence":2,"minecraft:oak_fence":1,"minecraft:torch":33,"minecraft:acacia_log":28,"minecraft:porkchop":32,"minecraft:diorite":6,"minecraft:redstone":2,"minecraft:stone_sword":2,"minecraft:arrow":73,"minecraft:rotten_flesh":29,"minecraft:hay_block":23,"minecraft:mutton":39,"minecraft:white_wool":26,"minecraft:cobblestone":783,"minecraft:birch_log":95,"minecraft:feather":8,"minecraft:cooked_beef":9,"minecraft:andesite":84,"minecraft:salmon":9,"minecraft:leather":21,"minecraft:brown_wool":1,"minecraft:chiseled_quartz_block":13,"minecraft:potato":6,"minecraft:birch_planks":1,"minecraft:filled_map":1,"minecraft:flint":2,"minecraft:tuff":1,"minecraft:oak_log":190,"minecraft:nether_wart_block":2,"minecraft:gunpowder":2,"minecraft:gray_concrete":2,"minecraft:lapis_lazuli":33,"minecraft:dirt":16,"minecraft:white_banner":1,"minecraft:orange_terracotta":35,"minecraft:cooked_mutton":13,"minecraft:bone":48,"minecraft:acacia_planks":113,"minecraft:apple":15,"minecraft:kelp":187,"minecraft:bow":1,"minecraft:wheat_seeds":232,"minecraft:spruce_wood":1,"minecraft:cooked_chicken":1,"minecraft:tall_grass":1,"minecraft:oak_planks":13,"minecraft:soul_sand":26,"minecraft:book":1,"minecraft:cooked_porkchop":13,"minecraft:quartz":43,"minecraft:gravel":26,"minecraft:sand":7,"minecraft:nether_brick_stairs":2,"minecraft:white_bed":5,"minecraft:nether_brick_slab":5,"minecraft:spider_eye":3,"minecraft:mossy_cobblestone":51,"minecraft:stripped_acacia_log":1,"minecraft:light_gray_concrete":20,"minecraft:dispenser":1,"minecraft:stone_axe":1,"minecraft:soul_lantern":1,"minecraft:granite":38,"minecraft:bone_meal":2,"minecraft:golden_apple":1,"minecraft:spruce_sign":6,"minecraft:emerald":1,"minecraft:acacia_slab":1,"minecraft:netherrack":193,"minecraft:oak_sapling":43,"minecraft:melon_seeds":10,"minecraft:black_wool":2,"minecraft:coal":364},"minecraft:killed":{"minecraft:spider":7,"minecraft:phantom":1,"minecraft:skeleton":30,"minecraft:chicken":9,"minecraft:silverfish":2,"minecraft:piglin_brute":4,"minecraft:magma_cube":6,"minecraft:piglin":3,"minecraft:husk":16,"minecraft:pig":20,"minecraft:zombie_villager":1,"minecraft:salmon":13,"minecraft:creeper":1,"minecraft:sheep":30,"minecraft:pillager":2,"minecraft:zombie":27,"minecraft:cow":18},"minecraft:crafted":{"minecraft:oak_planks":636,"minecraft:coal":18,"minecraft:cooked_chicken":5,"minecraft:furnace":13,"minecraft:cooked_mutton":14,"minecraft:flint_and_steel":1,"minecraft:stone_pickaxe":13,"minecraft:chest":7,"moonsweaponry:wooden_greatsword":1,"minecraft:wheat":216,"minecraft:cooked_beef":22,"minecraft:cooked_porkchop":6,"minecraft:crafting_table":22,"minecraft:wooden_pickaxe":3,"minecraft:cooked_salmon":9,"minecraft:cobbled_deepslate_wall":6,"minecraft:leather_helmet":1,"moonsweaponry:iron_greatsword":4,"minecraft:bucket":4,"minecraft:birch_planks":186,"minecraft:stone_axe":4,"minecraft:air":0,"minecraft:bread":90,"minecraft:oak_boat":1,"minecraft:charcoal":148,"minecraft:stick":160,"minecraft:iron_ingot":8,"minecraft:leather_chestplate":2,"minecraft:wooden_axe":2,"minecraft:stone_sword":4,"minecraft:iron_leggings":1,"minecraft:white_bed":4,"minecraft:acacia_planks":168,"minecraft:torch":324},"minecraft:dropped":{"minecraft:water_bucket":1,"minecraft:bread":1,"minecraft:cooked_beef":5,"minecraft:cooked_porkchop":13,"minecraft:cobblestone":60,"minecraft:apple":9,"minecraft:stick":2,"moonsweaponry:iron_greatsword":2,"minecraft:torch":4,"minecraft:dispenser":1,"minecraft:wooden_axe":1,"gravestone:obituary":2,"minecraft:pumpkin_pie":3,"minecraft:acacia_door":1,"minecraft:acacia_planks":3,"minecraft:cyan_carpet":2,"minecraft:bone":2,"minecraft:gravel":2,"minecraft:nether_brick_slab":5,"minecraft:stone_axe":1,"minecraft:kelp":1,"minecraft:stone_sword":1,"minecraft:soul_lantern":1,"minecraft:rotten_flesh":6,"minecraft:comparator":10,"minecraft:cooked_mutton":7,"minecraft:flint_and_steel":1,"minecraft:leather_chestplate":1,"minecraft:andesite":4,"minecraft:birch_door":1,"minecraft:spruce_wood":1,"minecraft:redstone_torch":7,"minecraft:red_nether_bricks":4,"minecraft:stone_pickaxe":1,"minecraft:acacia_fence":1,"minecraft:egg":1},"minecraft:custom":{"minecraft:mob_kills":204,"minecraft:interact_with_crafting_table":71,"minecraft:open_barrel":8,"minecraft:leave_game":19,"minecraft:time_since_death":95902,"minecraft:climb_one_cm":32243,"minecraft:sprint_one_cm":1829961,"minecraft:walk_one_cm":1260614,"minecraft:drop":45,"minecraft:damage_dealt_absorbed":40,"minecraft:play_time":658094,"minecraft:deaths":2,"minecraft:sneak_time":40181,"minecraft:walk_under_water_one_cm":102322,"minecraft:boat_one_cm":85492,"minecraft:jump":12776,"minecraft:walk_on_water_one_cm":96878,"minecraft:total_world_time":658094,"minecraft:interact_with_furnace":118,"minecraft:tune_noteblock":1,"minecraft:sleep_in_bed":19,"minecraft:time_since_rest":85119,"minecraft:waystone_activated":5,"minecraft:damage_taken":8911,"minecraft:damage_dealt":31891,"minecraft:swim_one_cm":690840,"minecraft:fly_one_cm":2476303,"minecraft:open_chest":170,"minecraft:crouch_one_cm":106588,"minecraft:fall_one_cm":381412,"minecraft:inspect_dispenser":1},"minecraft:killed_by":{"minecraft:spider":1},"minecraft:broken":{"minecraft:leather_helmet":1,"moonsweaponry:iron_greatsword":1,"minecraft:wooden_pickaxe":1,"minecraft:stone_pickaxe":10,"minecraft:stone_axe":2,"minecraft:wooden_axe":1}},"DataVersion":3465}