{"stats":{"minecraft:mined":{"minecraft:waxed_cut_copper_slab":2,"minecraft:white_bed":5,"minecraft:quartz_stairs":1,"minecraft:mossy_cobblestone":51,"minecraft:red_nether_bricks":77,"gravestone:gravestone":2,"minecraft:granite":19,"minecraft:acacia_log":30,"minecraft:grass_block":7,"minecraft:white_concrete":2,"minecraft:coal_block":2,"minecraft:oak_wall_sign":2,"minecraft:acacia_slab":1,"minecraft:kelp":3,"minecraft:spawner":13,"minecraft:black_stained_glass_pane":3,"minecraft:hay_block":25,"minecraft:weeping_vines_plant":1,"minecraft:furnace":6,"minecraft:dark_oak_trapdoor":1,"minecraft:iron_ore":23,"minecraft:fire":15,"minecraft:cobbled_deepslate":99,"minecraft:andesite":4,"minecraft:potted_red_mushroom":1,"minecraft:stripped_dark_oak_wood":2,"minecraft:nether_brick_stairs":2,"minecraft:dark_oak_stairs":1,"minecraft:deepslate_iron_ore":5,"minecraft:light_gray_concrete":27,"minecraft:stripped_acacia_log":1,"minecraft:smooth_quartz_stairs":34,"minecraft:spruce_wood":2,"minecraft:stripped_mangrove_wood":18,"minecraft:stone":608,"minecraft:white_wool":2,"minecraft:tripwire":2,"minecraft:gray_concrete":2,"minecraft:redstone_block":2,"minecraft:soul_sand":26,"minecraft:kelp_plant":44,"minecraft:melon_stem":3,"minecraft:orange_terracotta":45,"minecraft:observer":2,"minecraft:chiseled_quartz_block":17,"minecraft:crafting_table":8,"minecraft:torch":5,"minecraft:calcite":4,"minecraft:campfire":1,"minecraft:chest":2,"minecraft:nether_brick_slab":5,"minecraft:stone_slab":1,"minecraft:mushroom_stem":71,"minecraft:smooth_quartz_slab":1,"minecraft:tall_grass":6,"minecraft:cobblestone":100,"minecraft:lapis_ore":4,"minecraft:oak_planks":11,"minecraft:diorite":6,"minecraft:wall_torch":15,"minecraft:seagrass":2,"minecraft:birch_planks":1,"minecraft:nether_wart_block":1,"minecraft:mud":1,"minecraft:light_gray_stained_glass":2,"minecraft:birch_log":100,"minecraft:wheat":59,"minecraft:birch_leaves":1,"minecraft:stone_brick_stairs":2,"minecraft:smooth_stone_slab":1,"minecraft:grass":10,"minecraft:coal_ore":266,"minecraft:oak_log":196,"minecraft:acacia_fence":1,"minecraft:cyan_carpet":2,"minecraft:smooth_quartz":56,"minecraft:gravel":29,"minecraft:dirt":4,"minecraft:sand":8,"minecraft:cobweb":1,"minecraft:tripwire_hook":2,"minecraft:acacia_planks":1,"minecraft:dispenser":1,"minecraft:netherrack":154,"minecraft:piston":1,"minecraft:oak_leaves":28,"minecraft:deepslate":442},"minecraft:used":{"minecraft:stone_sword":417,"minecraft:flint_and_steel":1,"minecraft:oak_sign":5,"minecraft:chest":5,"minecraft:cooked_chicken":4,"minecraft:quartz_stairs":1,"minecraft:netherrack":126,"minecraft:torch":252,"minecraft:soul_sand":1,"minecraft:dirt":1,"minecraft:obsidian":2,"minecraft:wooden_axe":91,"minecraft:lava_bucket":42,"minecraft:acacia_slab":1,"moonsweaponry:iron_greatsword":261,"minecraft:smooth_quartz":55,"minecraft:furnace":11,"minecraft:cooked_beef":25,"minecraft:cobbled_deepslate":327,"minecraft:acacia_planks":153,"minecraft:orange_terracotta":33,"minecraft:cobbled_deepslate_wall":2,"minecraft:cooked_mutton":5,"minecraft:water_bucket":61,"minecraft:red_nether_bricks":23,"minecraft:stripped_acacia_log":1,"minecraft:birch_planks":69,"minecraft:stone_pickaxe":1236,"minecraft:oak_planks":45,"minecraft:wooden_pickaxe":71,"minecraft:redstone_block":2,"minecraft:white_wool":2,"minecraft:stripped_mangrove_wood":7,"minecraft:red_bed":1,"minecraft:crafting_table":26,"minecraft:white_bed":9,"moonsweaponry:wooden_greatsword":48,"minecraft:apple":16,"minecraft:bread":171,"minecraft:stone_axe":365,"minecraft:nether_wart_block":1,"minecraft:cobblestone":496,"minecraft:porkchop":4,"minecraft:cooked_porkchop":14,"minecraft:pumpkin_pie":7,"minecraft:oak_boat":3,"minecraft:bucket":107,"minecraft:kelp":24},"minecraft:picked_up":{"minecraft:wooden_axe":1,"minecraft:crafting_table":7,"minecraft:mud":1,"minecraft:birch_door":1,"minecraft:wheat":54,"minecraft:redstone_block":2,"minecraft:chicken":6,"minecraft:potion":1,"gravestone:obituary":3,"minecraft:red_bed":1,"minecraft:string":13,"minecraft:dark_oak_trapdoor":1,"minecraft:waxed_cut_copper_slab":2,"minecraft:acacia_door":1,"minecraft:red_nether_bricks":32,"minecraft:iron_leggings":2,"minecraft:iron_shovel":1,"minecraft:oak_sign":2,"minecraft:cyan_carpet":2,"minecraft:cobbled_deepslate":547,"minecraft:comparator":10,"minecraft:beef":34,"minecraft:oak_boat":2,"minecraft:calcite":2,"minecraft:observer":2,"minecraft:iron_nugget":7,"minecraft:smooth_quartz":55,"minecraft:light_gray_wool":3,"minecraft:quartz_stairs":1,"minecraft:coal_block":2,"minecraft:chest":2,"minecraft:birch_sapling":9,"minecraft:smooth_quartz_stairs":12,"minecraft:piston":1,"minecraft:furnace":6,"minecraft:iron_boots":1,"minecraft:egg":4,"minecraft:dark_oak_door":1,"minecraft:stick":22,"minecraft:raw_iron":27,"minecraft:stripped_mangrove_wood":18,"minecraft:acacia_fence":2,"minecraft:oak_fence":1,"minecraft:torch":32,"minecraft:acacia_log":28,"minecraft:porkchop":32,"minecraft:diorite":6,"minecraft:redstone":2,"minecraft:stone_sword":2,"minecraft:arrow":73,"minecraft:rotten_flesh":28,"minecraft:hay_block":23,"minecraft:mutton":39,"minecraft:white_wool":26,"minecraft:cobblestone":608,"minecraft:birch_log":95,"minecraft:feather":6,"minecraft:cooked_beef":9,"minecraft:andesite":9,"minecraft:leather":21,"minecraft:brown_wool":1,"minecraft:chiseled_quartz_block":13,"minecraft:potato":6,"minecraft:filled_map":1,"minecraft:birch_planks":1,"minecraft:flint":2,"minecraft:oak_log":185,"minecraft:nether_wart_block":1,"minecraft:gunpowder":2,"minecraft:gray_concrete":2,"minecraft:lapis_lazuli":33,"minecraft:dirt":11,"minecraft:white_banner":1,"minecraft:orange_terracotta":35,"minecraft:cooked_mutton":13,"minecraft:bone":48,"minecraft:acacia_planks":113,"minecraft:apple":15,"minecraft:kelp":187,"minecraft:bow":1,"minecraft:wheat_seeds":232,"minecraft:spruce_wood":1,"minecraft:cooked_chicken":1,"minecraft:tall_grass":1,"minecraft:oak_planks":11,"minecraft:soul_sand":26,"minecraft:book":1,"minecraft:cooked_porkchop":13,"minecraft:gravel":26,"minecraft:sand":7,"minecraft:nether_brick_stairs":2,"minecraft:white_bed":5,"minecraft:nether_brick_slab":5,"minecraft:spider_eye":3,"minecraft:mossy_cobblestone":51,"minecraft:stripped_acacia_log":1,"minecraft:light_gray_concrete":20,"minecraft:dispenser":1,"minecraft:stone_axe":1,"minecraft:soul_lantern":1,"minecraft:granite":38,"minecraft:bone_meal":1,"minecraft:golden_apple":1,"minecraft:spruce_sign":6,"minecraft:emerald":1,"minecraft:netherrack":136,"minecraft:melon_seeds":10,"minecraft:oak_sapling":43,"minecraft:acacia_slab":1,"minecraft:black_wool":2,"minecraft:coal":323},"minecraft:killed":{"minecraft:spider":7,"minecraft:phantom":1,"minecraft:skeleton":30,"minecraft:chicken":7,"minecraft:piglin_brute":4,"minecraft:magma_cube":6,"minecraft:piglin":1,"minecraft:husk":16,"minecraft:pig":20,"minecraft:zombie_villager":1,"minecraft:creeper":1,"minecraft:sheep":30,"minecraft:pillager":2,"minecraft:zombie":20,"minecraft:cow":18},"minecraft:crafted":{"minecraft:oak_planks":606,"minecraft:coal":18,"minecraft:cooked_chicken":3,"minecraft:furnace":11,"minecraft:flint_and_steel":1,"minecraft:cooked_mutton":14,"minecraft:stone_pickaxe":10,"minecraft:chest":5,"moonsweaponry:wooden_greatsword":1,"minecraft:wheat":216,"minecraft:cooked_beef":22,"minecraft:cooked_porkchop":6,"minecraft:crafting_table":20,"minecraft:wooden_pickaxe":3,"minecraft:cobbled_deepslate_wall":6,"minecraft:leather_helmet":1,"moonsweaponry:iron_greatsword":3,"minecraft:bucket":4,"minecraft:birch_planks":186,"minecraft:stone_axe":4,"minecraft:air":0,"minecraft:bread":90,"minecraft:oak_boat":1,"minecraft:charcoal":148,"minecraft:stick":124,"minecraft:iron_ingot":8,"minecraft:leather_chestplate":2,"minecraft:wooden_axe":2,"minecraft:stone_sword":4,"minecraft:iron_leggings":1,"minecraft:white_bed":4,"minecraft:acacia_planks":168,"minecraft:torch":324},"minecraft:dropped":{"minecraft:water_bucket":1,"minecraft:bread":1,"minecraft:cooked_beef":5,"minecraft:cooked_porkchop":13,"minecraft:cobblestone":60,"minecraft:apple":9,"minecraft:stick":2,"moonsweaponry:iron_greatsword":1,"minecraft:torch":4,"minecraft:dispenser":1,"minecraft:wooden_axe":1,"gravestone:obituary":2,"minecraft:pumpkin_pie":3,"minecraft:acacia_door":1,"minecraft:acacia_planks":3,"minecraft:cyan_carpet":2,"minecraft:bone":2,"minecraft:gravel":2,"minecraft:nether_brick_slab":5,"minecraft:stone_axe":1,"minecraft:kelp":1,"minecraft:stone_sword":1,"minecraft:soul_lantern":1,"minecraft:rotten_flesh":5,"minecraft:comparator":10,"minecraft:cooked_mutton":7,"minecraft:leather_chestplate":1,"minecraft:andesite":4,"minecraft:birch_door":1,"minecraft:spruce_wood":1,"minecraft:redstone_torch":7,"minecraft:red_nether_bricks":4,"minecraft:stone_pickaxe":1,"minecraft:acacia_fence":1,"minecraft:egg":1},"minecraft:custom":{"minecraft:mob_kills":177,"minecraft:interact_with_crafting_table":67,"minecraft:open_barrel":8,"minecraft:leave_game":13,"minecraft:time_since_death":32177,"minecraft:climb_one_cm":31646,"minecraft:sprint_one_cm":1608207,"minecraft:walk_one_cm":1109230,"minecraft:drop":42,"minecraft:damage_dealt_absorbed":40,"minecraft:play_time":594369,"minecraft:deaths":2,"minecraft:sneak_time":38186,"minecraft:walk_under_water_one_cm":90368,"minecraft:jump":11486,"minecraft:walk_on_water_one_cm":90509,"minecraft:total_world_time":594369,"minecraft:interact_with_furnace":110,"minecraft:tune_noteblock":1,"minecraft:sleep_in_bed":19,"minecraft:time_since_rest":21394,"minecraft:waystone_activated":5,"minecraft:damage_taken":8154,"minecraft:damage_dealt":29442,"minecraft:swim_one_cm":630720,"minecraft:fly_one_cm":2268331,"minecraft:open_chest":165,"minecraft:crouch_one_cm":99825,"minecraft:fall_one_cm":343843,"minecraft:inspect_dispenser":1},"minecraft:killed_by":{"minecraft:spider":1},"minecraft:broken":{"minecraft:leather_helmet":1,"moonsweaponry:iron_greatsword":1,"minecraft:wooden_pickaxe":1,"minecraft:stone_pickaxe":9,"minecraft:stone_axe":2,"minecraft:wooden_axe":1}},"DataVersion":3465}