{"stats":{"minecraft:picked_up":{"minecraft:wooden_axe":1,"minecraft:birch_door":1,"minecraft:wheat":54,"minecraft:redstone_block":2,"minecraft:potion":3,"minecraft:stone_brick_stairs":1,"minecraft:golden_sword":1,"minecraft:music_disc_cat":1,"minecraft:string":41,"minecraft:dark_oak_trapdoor":1,"minecraft:waxed_cut_copper_slab":2,"minecraft:red_nether_bricks":32,"minecraft:iron_leggings":3,"minecraft:armor_stand":1,"minecraft:oak_sign":2,"minecraft:beetroot":8,"minecraft:cobbled_deepslate":809,"minecraft:gold_nugget":3,"minecraft:comparator":10,"moonsweaponry:iron_greatsword":1,"minecraft:calcite":2,"minecraft:smooth_quartz":55,"minecraft:enchanted_golden_apple":1,"minecraft:coal_block":2,"minecraft:smooth_quartz_stairs":12,"minecraft:furnace":7,"minecraft:iron_boots":1,"minecraft:dark_oak_door":1,"minecraft:stick":22,"minecraft:acacia_fence":2,"minecraft:oak_fence":1,"minecraft:acacia_log":28,"minecraft:torch":56,"minecraft:porkchop":45,"minecraft:diorite":6,"minecraft:stone_sword":2,"minecraft:rotten_flesh":172,"minecraft:cobblestone":791,"minecraft:birch_log":95,"minecraft:feather":11,"minecraft:cooked_beef":9,"minecraft:water_bucket":1,"minecraft:andesite":84,"minecraft:brown_wool":1,"minecraft:chiseled_quartz_block":13,"minecraft:potato":7,"minecraft:flint":3,"minecraft:tuff":17,"minecraft:gray_concrete":2,"minecraft:lapis_lazuli":93,"minecraft:dirt":16,"minecraft:bone":64,"minecraft:acacia_planks":114,"minecraft:bow":1,"minecraft:wheat_seeds":267,"minecraft:raw_gold":1,"minecraft:oak_planks":13,"minecraft:cooked_porkchop":13,"minecraft:music_disc_13":1,"minecraft:stripped_acacia_wood":4,"minecraft:sand":7,"minecraft:nether_brick_stairs":2,"minecraft:grass_block":1,"minecraft:mossy_cobblestone":102,"minecraft:dark_prismarine":4,"minecraft:light_gray_concrete":20,"minecraft:stripped_acacia_log":1,"minecraft:dispenser":1,"minecraft:diamond":22,"minecraft:soul_lantern":4,"minecraft:granite":38,"moonsweaponry:wooden_greatsword":1,"minecraft:golden_horse_armor":1,"minecraft:bone_meal":2,"minecraft:golden_apple":3,"minecraft:spruce_sign":6,"minecraft:emerald":15,"minecraft:oak_sapling":43,"minecraft:netherrack":203,"minecraft:mud":1,"minecraft:crafting_table":9,"minecraft:chicken":8,"moonsweaponry:wooden_scythe":1,"minecraft:diamond_horse_armor":1,"gravestone:obituary":4,"minecraft:oak_trapdoor":1,"minecraft:red_bed":1,"minecraft:acacia_door":1,"minecraft:flint_and_steel":2,"minecraft:iron_shovel":1,"minecraft:cyan_carpet":2,"minecraft:music_disc_otherside":1,"minecraft:beef":47,"minecraft:oak_boat":6,"minecraft:observer":2,"minecraft:iron_nugget":7,"minecraft:light_gray_wool":4,"minecraft:quartz_stairs":1,"minecraft:chest":2,"minecraft:birch_sapling":9,"minecraft:piston":1,"minecraft:egg":5,"minecraft:raw_iron":69,"minecraft:stripped_mangrove_wood":18,"sophisticatedbackpacks:backpack":2,"minecraft:fire_charge":2,"minecraft:carrot":2,"minecraft:redstone":4,"minecraft:arrow":76,"minecraft:beetroot_seeds":3,"minecraft:hay_block":60,"minecraft:glistering_melon_slice":16,"minecraft:saddle":3,"minecraft:gold_ingot":3,"sophisticatedbackpacks:copper_backpack":2,"minecraft:mutton":50,"minecraft:white_wool":46,"minecraft:salmon":9,"minecraft:leather":29,"minecraft:filled_map":3,"minecraft:birch_planks":13,"minecraft:oak_log":193,"minecraft:nether_wart_block":2,"minecraft:gunpowder":18,"minecraft:white_banner":2,"minecraft:orange_terracotta":35,"minecraft:cooked_mutton":13,"minecraft:coast_armor_trim_smithing_template":2,"minecraft:apple":15,"minecraft:kelp":412,"minecraft:spruce_wood":1,"minecraft:iron_ingot":7,"minecraft:cooked_chicken":1,"minecraft:tall_grass":1,"minecraft:soul_sand":51,"minecraft:book":40,"minecraft:quartz":43,"minecraft:gravel":43,"minecraft:white_bed":5,"minecraft:nether_brick_slab":5,"minecraft:spider_eye":3,"minecraft:stone_axe":2,"minecraft:iron_helmet":1,"minecraft:birch_sign":1,"minecraft:gray_wool":1,"minecraft:black_wool":2,"minecraft:acacia_slab":1,"minecraft:melon_seeds":19,"minecraft:coal":384,"minecraft:ender_pearl":1},"minecraft:killed_by":{"minecraft:spider":1},"minecraft:dropped":{"minecraft:cooked_beef":5,"minecraft:cooked_porkchop":13,"moonsweaponry:iron_greatsword":3,"minecraft:dispenser":1,"gravestone:obituary":2,"minecraft:pumpkin_pie":3,"minecraft:acacia_door":1,"minecraft:cyan_carpet":2,"minecraft:bone":2,"minecraft:gravel":2,"minecraft:stone_axe":1,"minecraft:soul_lantern":1,"minecraft:rotten_flesh":6,"minecraft:cooked_mutton":7,"minecraft:leather_chestplate":1,"minecraft:birch_door":1,"minecraft:spruce_wood":1,"minecraft:red_nether_bricks":4,"minecraft:acacia_fence":1,"minecraft:egg":1,"minecraft:iron_ingot":32,"minecraft:water_bucket":1,"minecraft:bread":1,"minecraft:cobblestone":60,"minecraft:apple":9,"minecraft:stick":2,"minecraft:torch":4,"minecraft:wooden_axe":1,"minecraft:acacia_planks":3,"minecraft:nether_brick_slab":5,"minecraft:kelp":1,"minecraft:oak_trapdoor":1,"minecraft:stone_sword":1,"minecraft:comparator":10,"sophisticatedbackpacks:backpack":1,"minecraft:flint_and_steel":1,"minecraft:diamond_sword":1,"minecraft:andesite":4,"minecraft:redstone_torch":7,"minecraft:stone_pickaxe":1},"minecraft:crafted":{"minecraft:oak_planks":654,"minecraft:cooked_chicken":5,"moonsweaponry:diamond_greatsword":1,"minecraft:cooked_mutton":14,"minecraft:diamond_leggings":1,"minecraft:chest":9,"minecraft:cooked_porkchop":6,"minecraft:crafting_table":23,"minecraft:wooden_pickaxe":3,"minecraft:cobbled_deepslate_wall":6,"moonsweaponry:iron_greatsword":5,"minecraft:birch_planks":186,"minecraft:charcoal":148,"minecraft:stick":164,"minecraft:leather_chestplate":2,"minecraft:iron_ingot":8,"minecraft:iron_pickaxe":1,"minecraft:stone_sword":4,"minecraft:coal":18,"minecraft:furnace":13,"minecraft:flint_and_steel":1,"minecraft:stone_pickaxe":13,"moonsweaponry:wooden_greatsword":1,"minecraft:wheat":450,"minecraft:cooked_beef":22,"minecraft:diamond_sword":1,"minecraft:cooked_salmon":9,"minecraft:leather_helmet":1,"minecraft:bucket":4,"minecraft:stone_axe":4,"minecraft:bread":168,"minecraft:air":0,"minecraft:oak_boat":1,"minecraft:wooden_axe":2,"minecraft:iron_leggings":1,"minecraft:white_bed":4,"minecraft:acacia_planks":192,"minecraft:torch":392,"minecraft:diamond_chestplate":1},"minecraft:mined":{"minecraft:waxed_cut_copper_slab":2,"minecraft:white_bed":5,"minecraft:sculk_vein":1,"minecraft:red_nether_bricks":77,"minecraft:granite":68,"minecraft:acacia_log":30,"minecraft:grass_block":10,"minecraft:white_concrete":2,"minecraft:coal_block":2,"minecraft:oak_wall_sign":2,"minecraft:spawner":17,"minecraft:weeping_vines_plant":1,"minecraft:dark_oak_trapdoor":1,"minecraft:iron_ore":34,"minecraft:cobbled_deepslate":116,"minecraft:fire":16,"minecraft:potted_red_mushroom":1,"minecraft:deepslate_lapis_ore":2,"minecraft:stripped_dark_oak_wood":2,"minecraft:nether_brick_stairs":2,"minecraft:dark_oak_stairs":1,"minecraft:light_gray_concrete":27,"minecraft:spruce_wood":2,"minecraft:stripped_mangrove_wood":18,"minecraft:tripwire":2,"minecraft:kelp_plant":44,"minecraft:melon_stem":3,"minecraft:crimson_nylium":7,"minecraft:orange_terracotta":45,"minecraft:soul_lantern":1,"minecraft:chiseled_quartz_block":17,"minecraft:torch":10,"minecraft:calcite":4,"minecraft:chest":2,"minecraft:nether_brick_slab":5,"minecraft:mushroom_stem":71,"minecraft:smooth_quartz_slab":1,"minecraft:nether_quartz_ore":43,"minecraft:cobblestone":105,"minecraft:oak_planks":11,"minecraft:wall_torch":22,"minecraft:seagrass":2,"minecraft:mud":1,"minecraft:nether_wart_block":2,"minecraft:birch_log":100,"minecraft:light_gray_stained_glass":2,"minecraft:wheat":59,"minecraft:light_gray_wool":1,"minecraft:stone_brick_stairs":2,"minecraft:smooth_stone_slab":1,"minecraft:grass":12,"minecraft:oak_log":199,"minecraft:acacia_fence":1,"minecraft:sand":8,"minecraft:smooth_quartz":56,"minecraft:dirt":7,"minecraft:tripwire_hook":2,"minecraft:dispenser":1,"minecraft:netherrack":208,"minecraft:piston":1,"minecraft:oak_leaves":32,"minecraft:deepslate":705,"minecraft:dark_prismarine":4,"minecraft:nether_gold_ore":1,"minecraft:tuff":28,"minecraft:quartz_stairs":1,"minecraft:mossy_cobblestone":51,"minecraft:deepslate_diamond_ore":19,"gravestone:gravestone":4,"minecraft:acacia_slab":1,"minecraft:kelp":3,"minecraft:hay_block":63,"minecraft:black_stained_glass_pane":3,"minecraft:furnace":7,"minecraft:andesite":80,"minecraft:deepslate_iron_ore":33,"minecraft:stripped_acacia_log":1,"minecraft:smooth_quartz_stairs":34,"minecraft:stone":882,"minecraft:white_wool":2,"minecraft:redstone_block":2,"minecraft:gray_concrete":2,"minecraft:soul_sand":26,"minecraft:observer":2,"minecraft:crafting_table":10,"minecraft:campfire":1,"minecraft:stone_slab":1,"minecraft:tall_grass":6,"minecraft:deepslate_coal_ore":9,"minecraft:deepslate_gold_ore":1,"minecraft:lapis_ore":4,"minecraft:sculk":4,"minecraft:diorite":30,"minecraft:birch_planks":1,"minecraft:birch_leaves":1,"minecraft:coal_ore":284,"minecraft:gravel":35,"minecraft:cyan_carpet":2,"minecraft:cobweb":1,"minecraft:acacia_planks":2,"minecraft:stripped_acacia_wood":4,"minecraft:infested_stone":1},"minecraft:used":{"moonsweaponry:diamond_greatsword":85,"minecraft:oak_sign":10,"minecraft:chest":9,"minecraft:quartz_stairs":1,"minecraft:soul_sand":8,"minecraft:tuff":19,"minecraft:obsidian":16,"minecraft:lava_bucket":50,"minecraft:grass_block":1,"minecraft:furnace":12,"minecraft:stripped_acacia_log":1,"minecraft:stone_pickaxe":1413,"minecraft:oak_planks":67,"minecraft:blackstone":1,"minecraft:wooden_pickaxe":71,"minecraft:redstone_block":2,"minecraft:white_wool":2,"minecraft:stripped_mangrove_wood":7,"moonsweaponry:wooden_greatsword":48,"minecraft:bread":232,"minecraft:deepslate":85,"minecraft:nether_wart_block":1,"minecraft:oak_boat":6,"minecraft:oak_trapdoor":2,"minecraft:stone_sword":417,"minecraft:flint_and_steel":2,"minecraft:armor_stand":1,"minecraft:cooked_salmon":9,"minecraft:cooked_chicken":6,"minecraft:netherrack":183,"minecraft:torch":399,"minecraft:dirt":1,"minecraft:anvil":1,"minecraft:cobblestone_wall":4,"minecraft:wooden_axe":91,"minecraft:oak_stairs":3,"minecraft:acacia_slab":1,"moonsweaponry:iron_greatsword":625,"minecraft:smooth_quartz":55,"minecraft:light_gray_wool":1,"minecraft:cooked_beef":25,"minecraft:acacia_planks":169,"minecraft:cobbled_deepslate":617,"minecraft:orange_terracotta":33,"minecraft:cobbled_deepslate_wall":2,"minecraft:cooked_mutton":5,"minecraft:water_bucket":88,"minecraft:birch_planks":69,"minecraft:red_nether_bricks":23,"minecraft:crafting_table":32,"minecraft:red_bed":1,"minecraft:white_bed":9,"minecraft:dark_prismarine":3,"minecraft:apple":16,"minecraft:iron_pickaxe":115,"minecraft:stone_axe":365,"minecraft:cobblestone":649,"minecraft:porkchop":4,"minecraft:cooked_porkchop":23,"minecraft:bucket":140,"minecraft:pumpkin_pie":10,"minecraft:kelp":160},"minecraft:broken":{"moonsweaponry:iron_greatsword":2,"minecraft:iron_boots":1,"minecraft:stone_pickaxe":10,"minecraft:stone_axe":2,"minecraft:wooden_axe":1,"minecraft:leather_helmet":1,"minecraft:wooden_pickaxe":1},"minecraft:killed":{"minecraft:spider":8,"minecraft:skeleton":34,"minecraft:chicken":9,"minecraft:silverfish":2,"minecraft:piglin_brute":4,"minecraft:magma_cube":6,"minecraft:piglin":3,"minecraft:pig":28,"minecraft:zombie_villager":1,"minecraft:salmon":13,"minecraft:creeper":2,"minecraft:sheep":37,"minecraft:pillager":2,"minecraft:zombie":169,"minecraft:cow":25,"minecraft:phantom":1,"minecraft:drowned":1,"minecraft:husk":16,"minecraft:wither_skeleton":11,"minecraft:enderman":1},"minecraft:custom":{"minecraft:interact_with_crafting_table":83,"minecraft:open_barrel":8,"minecraft:leave_game":25,"minecraft:time_since_death":170764,"minecraft:sprint_one_cm":2272870,"minecraft:drop":50,"minecraft:talked_to_villager":4,"minecraft:play_time":880939,"minecraft:deaths":4,"minecraft:jump":16004,"minecraft:walk_on_water_one_cm":193358,"minecraft:interact_with_furnace":118,"minecraft:sleep_in_bed":25,"minecraft:waystone_activated":5,"minecraft:damage_dealt":53363,"minecraft:crouch_one_cm":126525,"minecraft:inspect_dispenser":1,"minecraft:mob_kills":388,"minecraft:interact_with_anvil":1,"minecraft:damage_dealt_resisted":313,"minecraft:climb_one_cm":33199,"minecraft:walk_one_cm":1669877,"minecraft:damage_dealt_absorbed":40,"minecraft:sneak_time":51454,"minecraft:walk_under_water_one_cm":281204,"minecraft:boat_one_cm":85492,"minecraft:interact_with_blast_furnace":2,"minecraft:total_world_time":880939,"minecraft:tune_noteblock":1,"minecraft:time_since_rest":2277,"minecraft:damage_taken":12206,"minecraft:swim_one_cm":749632,"minecraft:fly_one_cm":3339313,"minecraft:open_chest":220,"minecraft:fall_one_cm":483486}},"DataVersion":3465}